county_fips,county_name,weather_zone,in_ercot
48001,Anderson,EAST,true
48003,Andrews,FWEST,true
48005,Angelina,EAST,true
48007,Aransas,SOUTH,true
48009,Archer,NORTH,true
48011,Armstrong,,false
48013,Atascosa,SOUTH,true
48015,Austin,COAST,true
48017,Bailey,,false
48019,Bandera,SCENT,true
48021,Bastrop,SCENT,true
48023,Baylor,NORTH,true
48025,Bee,SOUTH,true
48027,Bell,NCENT,true
48029,Bexar,SCENT,true
48031,Blanco,SCENT,true
48033,Borden,FWEST,true
48035,Bosque,NCENT,true
48037,Bowie,,false
48039,Brazoria,COAST,true
48041,Brazos,EAST,true
48043,Brewster,FWEST,true
48045,Briscoe,,false
48047,Brooks,SOUTH,true
48049,Brown,NCENT,true
48051,Burleson,SCENT,true
48053,Burnet,SCENT,true
48055,Caldwell,SCENT,true
48057,Calhoun,COAST,true
48059,Callahan,NCENT,true
48061,Cameron,SOUTH,true
48063,Camp,,false
48065,Carson,,false
48067,Cass,,false
48069,Castro,,false
48071,Chambers,,false
48073,Cherokee,EAST,true
48075,Childress,NORTH,true
48077,Clay,NORTH,true
48079,Cochran,,false
48081,Coke,WEST,true
48083,Coleman,WEST,true
48085,Collin,NCENT,true
48087,Collingsworth,,false
48089,Colorado,SCENT,true
48091,Comal,SCENT,true
48093,Comanche,NCENT,true
48095,Concho,WEST,true
48097,Cooke,NORTH,true
48099,Coryell,NCENT,true
48101,Cottle,NORTH,true
48103,Crane,FWEST,true
48105,Crockett,FWEST,true
48107,Crosby,NORTH,true
48109,Culberson,FWEST,true
48111,Dallam,,false
48113,Dallas,NCENT,true
48115,Dawson,FWEST,true
48117,Deaf Smith,,false
48119,Delta,NCENT,true
48121,Denton,NCENT,true
48123,DeWitt,SCENT,true
48125,Dickens,NORTH,true
48127,Dimmit,SOUTH,true
48129,Donley,NORTH,true
48131,Duval,SOUTH,true
48133,Eastland,NCENT,true
48135,Ector,FWEST,true
48137,Edwards,WEST,true
48139,Ellis,NCENT,true
48141,El Paso,,false
48143,Erath,NCENT,true
48145,Falls,NCENT,true
48147,Fannin,NORTH,true
48149,Fayette,SCENT,true
48151,Fisher,WEST,true
48153,Floyd,,false
48155,Foard,NORTH,true
48157,Fort Bend,COAST,true
48159,Franklin,EAST,true
48161,Freestone,EAST,true
48163,Frio,SOUTH,true
48165,Gaines,,false
48167,Galveston,COAST,true
48169,Garza,,false
48171,Gillespie,WEST,true
48173,Glasscock,FWEST,true
48175,Goliad,SOUTH,true
48177,Gonzales,SCENT,true
48179,Gray,,false
48181,Grayson,NORTH,true
48183,Gregg,,false
48185,Grimes,EAST,true
48187,Guadalupe,SCENT,true
48189,Hale,,false
48191,Hall,NORTH,true
48193,Hamilton,NCENT,true
48195,Hansford,,false
48197,Hardeman,NORTH,true
48199,Hardin,,false
48201,Harris,COAST,true
48203,Harrison,,false
48205,Hartley,,false
48207,Haskell,NORTH,true
48209,Hays,SCENT,true
48211,Hemphill,,false
48213,Henderson,EAST,true
48215,Hidalgo,SOUTH,true
48217,Hill,NCENT,true
48219,Hockley,,false
48221,Hood,NCENT,true
48223,Hopkins,EAST,true
48225,Houston,EAST,true
48227,Howard,FWEST,true
48229,Hudspeth,FWEST,true
48231,Hunt,NCENT,true
48233,Hutchinson,,false
48235,Irion,WEST,true
48237,Jack,NCENT,true
48239,Jackson,COAST,true
48241,Jasper,COAST,true
48243,Jeff Davis,FWEST,true
48245,Jefferson,,false
48247,Jim Hogg,SOUTH,true
48249,Jim Wells,SOUTH,true
48251,Johnson,NCENT,true
48253,Jones,WEST,true
48255,Karnes,SCENT,true
48257,Kaufman,NCENT,true
48259,Kendall,SCENT,true
48261,Kenedy,SOUTH,true
48263,Kent,NORTH,true
48265,Kerr,WEST,true
48267,Kimble,WEST,true
48269,King,NORTH,true
48271,Kinney,WEST,true
48273,Kleberg,SOUTH,true
48275,Knox,NORTH,true
48277,Lamar,NORTH,true
48279,Lamb,,false
48281,Lampasas,WEST,true
48283,La Salle,SOUTH,true
48285,Lavaca,SCENT,true
48287,Lee,SCENT,true
48289,Leon,EAST,true
48291,Liberty,,false
48293,Limestone,NCENT,true
48295,Lipscomb,,false
48297,Live Oak,SOUTH,true
48299,Llano,WEST,true
48301,Loving,FWEST,true
48303,Lubbock,NORTH,true
48305,Lynn,,false
48307,McCulloch,WEST,true
48309,McLennan,NCENT,true
48311,McMullen,SOUTH,true
48313,Madison,EAST,true
48315,Marion,,false
48317,Martin,FWEST,true
48319,Mason,WEST,true
48321,Matagorda,COAST,true
48323,Maverick,SOUTH,true
48325,Medina,SCENT,true
48327,Menard,WEST,true
48329,Midland,FWEST,true
48331,Milam,SCENT,true
48333,Mills,NCENT,true
48335,Mitchell,WEST,true
48337,Montague,NORTH,true
48339,Montgomery,COAST,true
48341,Moore,,false
48343,Morris,,false
48345,Motley,NORTH,true
48347,Nacogdoches,EAST,true
48349,Navarro,NCENT,true
48351,Newton,COAST,true
48353,Nolan,WEST,true
48355,Nueces,SOUTH,true
48357,Ochiltree,,false
48359,Oldham,,false
48361,Orange,,false
48363,Palo Pinto,NCENT,true
48365,Panola,EAST,true
48367,Parker,NCENT,true
48369,Parmer,,false
48371,Pecos,FWEST,true
48373,Polk,COAST,true
48375,Potter,,false
48377,Presidio,FWEST,true
48379,Rains,EAST,true
48381,Randall,,false
48383,Reagan,FWEST,true
48385,Real,WEST,true
48387,Red River,NORTH,true
48389,Reeves,FWEST,true
48391,Refugio,SOUTH,true
48393,Roberts,,false
48395,Robertson,EAST,true
48397,Rockwall,NCENT,true
48399,Runnels,WEST,true
48401,Rusk,EAST,true
48403,Sabine,EAST,true
48405,San Augustine,,false
48407,San Jacinto,COAST,true
48409,San Patricio,SOUTH,true
48411,San Saba,WEST,true
48413,Schleicher,WEST,true
48415,Scurry,WEST,true
48417,Shackelford,NCENT,true
48419,Shelby,EAST,true
48421,Sherman,,false
48423,Smith,EAST,true
48425,Somervell,NCENT,true
48427,Starr,SOUTH,true
48429,Stephens,NCENT,true
48431,Sterling,WEST,true
48433,Stonewall,NORTH,true
48435,Sutton,WEST,true
48437,Swisher,,false
48439,Tarrant,NCENT,true
48441,Taylor,WEST,true
48443,Terrell,FWEST,true
48445,Terry,,false
48447,Throckmorton,NCENT,true
48449,Titus,,false
48451,Tom Green,WEST,true
48453,Travis,SCENT,true
48455,Trinity,EAST,true
48457,Tyler,COAST,true
48459,Upshur,,false
48461,Upton,FWEST,true
48463,Uvalde,WEST,true
48465,Val Verde,WEST,true
48467,Van Zandt,EAST,true
48469,Victoria,COAST,true
48471,Walker,,false
48473,Waller,COAST,true
48475,Ward,FWEST,true
48477,Washington,SCENT,true
48479,Webb,SOUTH,true
48481,Wharton,COAST,true
48483,Wheeler,NORTH,true
48485,Wichita,NORTH,true
48487,Wilbarger,NORTH,true
48489,Willacy,SOUTH,true
48491,Williamson,SCENT,true
48493,Wilson,SCENT,true
48495,Winkler,FWEST,true
48497,Wise,NCENT,true
48499,Wood,EAST,true
48501,Yoakum,,false
48503,Young,NCENT,true
48505,Zapata,SOUTH,true
48507,Zavala,SOUTH,true
